{
  "filename": "auto-fr.json",
  "name": "France",
  "version": "2020-10-30 01:03:27 UTC",
  "xdata": {
    "default": {
      "place": {
        "FR": "France",
        "FR:AGEN": "Agen",
        "FR:AIX.EN.PROVENCE": "Aix-en-Provence",
        "FR:AMIENS": "Amiens",
        "FR:ANGERS": "Angers",
        "FR:BASSE.TERRE": "Basse-Terre",
        "FR:BASTIA": "Bastia",
        "FR:BESANCON": "Besançon",
        "FR:BORDEAUX": "Bordeaux",
        "FR:BOURGES": "Bourges",
        "FR:CAEN": "Caen",
        "FR:CAYENNE": "Cayenne",
        "FR:CERGY.PONTOISE": "Cergy-Pontoise",
        "FR:CHALONS.CHAMPAGNE": "Châlons-en-Champagne",
        "FR:CHAMBERY": "Chambéry",
        "FR:CLERMONT.FERRAND": "Clermont-Ferrand",
        "FR:COLMAR": "Colmar",
        "FR:DIJON": "Dijon",
        "FR:DOUAI": "Douai",
        "FR:FORT.FRANCE": "Fort-de-France",
        "FR:GRENOBLE": "Grenoble",
        "FR:LILLE": "Lille",
        "FR:LIMOGES": "Limoges",
        "FR:LYON": "Lyon",
        "FR:MAMOUDZOU": "Mamoudzou",
        "FR:MATA.UTU": "Mata-Utu",
        "FR:METZ": "Metz",
        "FR:MARSEILLE": "Marseille",
        "FR:MELUN": "Melun",
        "FR:MONTPELLIER": "Montpellier",
        "FR:MONTREUIL": "Montreuil",
        "FR:NANCY": "Nancy",
        "FR:NANTES": "Nantes",
        "FR:NICE": "Nice",
        "FR:NIMES": "Nîmes",
        "FR:NOUMEA": "Nouméa",
        "FR:ORLEANS": "Orléans",
        "FR:PAPEETE": "Papeete",
        "FR:PARIS": "Paris",
        "FR:PAU": "Pau",
        "FR:POITIERS": "Poitiers",
        "FR:REIMS": "Reims",
        "FR:RENNES": "Rennes",
        "FR:RIOM": "Riom",
        "FR:ROUEN": "Rouen",
        "FR:SAINT.BARTHELEMY": "Saint-Barthélemy",
        "FR:SAINT.DENIS": "Saint-Denis",
        "FR:SAINT.MARTIN": "Saint-Martin",
        "FR:SAINT.PIERRE.ET.MIQUELON": "Saint-Pierre-et-Miquelon",
        "FR:STRASBOURG": "Strasbourg",
        "FR:TOULON": "Toulon",
        "FR:TOULOUSE": "Toulouse",
        "FR:VERSAILLES": "Versailles"
      }
    },
    "fr": {
      "institution-part": {
        "cass": "Cass.",
        "cass~civ.1": "France civ. 1re",
        "cass~civ.2": "France civ. 2e",
        "cass~civ.3": "civ. 2e",
        "cass~crim": "crim.",
        "cass~com": "com.",
        "cass~soc": "soc.",
        "cass~plen": "Ass. plen.",
        "cc": "Conseil constitutionnel",
        "ce": "Conseil d'État",
        "ce~reunies": "France Ch. réunies",
        "ce~sect": "France Sect.",
        "ce~ass": "France Ass.",
        "cnda": "C.N.D.A.",
        "ca": "C.A. France",
        "tsa": "T.S.A.",
        "caa": "C.A.A. France"
      }
    },
    "fr:agen": {
      "institution-part": {
        "ca": "C.A. Agen"
      }
    },
    "fr:aix.en.provence": {
      "institution-part": {
        "ca": "C.A. Aix-en-Provence"
      }
    },
    "fr:amiens": {
      "institution-part": {
        "ca": "C.A. Amiens",
        "ta": "TA Amiens"
      }
    },
    "fr:angers": {
      "institution-part": {
        "ca": "C.A. Angers"
      }
    },
    "fr:basse.terre": {
      "institution-part": {
        "ca": "C.A. Basse-Terre",
        "ta": "TA Basse-Terre"
      }
    },
    "fr:bastia": {
      "institution-part": {
        "ca": "C.A. Bastia",
        "ta": "TA Bastia"
      }
    },
    "fr:besancon": {
      "institution-part": {
        "ca": "C.A. Besançon",
        "ta": "TA Besançon"
      }
    },
    "fr:bordeaux": {
      "institution-part": {
        "ca": "C.A. Bordeaux",
        "caa": "C.A.A. Bordeaux",
        "ta": "TA Bordeaux"
      }
    },
    "fr:bourges": {
      "institution-part": {
        "ca": "C.A. Bourges"
      }
    },
    "fr:caen": {
      "institution-part": {
        "ca": "C.A. Caen",
        "ta": "TA Caen"
      }
    },
    "fr:cayenne": {
      "institution-part": {
        "ca": "C.A. Cayenne",
        "ta": "TA Cayenne"
      }
    },
    "fr:cergy.pontoise": {
      "institution-part": {
        "ta": "TA Cergy-Pontoise"
      }
    },
    "fr:chalons.champagne": {
      "institution-part": {
        "ta": "TA Châlons-en-Champagne"
      }
    },
    "fr:chambery": {
      "institution-part": {
        "ca": "C.A. Chambéry"
      }
    },
    "fr:clermont.ferrand": {
      "institution-part": {
        "ta": "TA Clermont-Ferrand"
      }
    },
    "fr:colmar": {
      "institution-part": {
        "ca": "C.A. Colmar"
      }
    },
    "fr:dijon": {
      "institution-part": {
        "ca": "C.A. Dijon",
        "ta": "TA Dijon"
      }
    },
    "fr:douai": {
      "institution-part": {
        "ca": "C.A. Douai",
        "caa": "C.A.A. Douai"
      }
    },
    "fr:fort.france": {
      "institution-part": {
        "ca": "C.A. Fort-de-France",
        "ta": "TA Fort-de-France"
      }
    },
    "fr:grenoble": {
      "institution-part": {
        "ca": "C.A. Grenoble",
        "ta": "TA Grenoble"
      }
    },
    "fr:lille": {
      "institution-part": {
        "ta": "TA Lille"
      }
    },
    "fr:limoges": {
      "institution-part": {
        "ca": "C.A. Limoges",
        "ta": "TA Limoges"
      }
    },
    "fr:lyon": {
      "institution-part": {
        "ca": "C.A. Lyon",
        "caa": "C.A.A. Lyon",
        "ta": "TA Lyon"
      }
    },
    "fr:mamoudzou": {
      "institution-part": {
        "ta": "TA Mamoudzou"
      }
    },
    "fr:mata.utu": {
      "institution-part": {
        "ta": "TA Mata-Utu"
      }
    },
    "fr:metz": {
      "institution-part": {
        "ca": "C.A. Metz"
      }
    },
    "fr:marseille": {
      "institution-part": {
        "caa": "C.A.A. Marseille",
        "ta": "TA Marseille"
      }
    },
    "fr:melun": {
      "institution-part": {
        "ta": "TA Melun"
      }
    },
    "fr:montpellier": {
      "institution-part": {
        "ca": "C.A. Montpellier",
        "ta": "TA Montpellier"
      }
    },
    "fr:montreuil": {
      "institution-part": {
        "ta": "TA Montreuil"
      }
    },
    "fr:nancy": {
      "institution-part": {
        "ca": "C.A. Nancy",
        "caa": "C.A.A. Nancy",
        "ta": "TA Nancy"
      }
    },
    "fr:nantes": {
      "institution-part": {
        "caa": "C.A.A. Nantes",
        "ta": "TA Nantes"
      }
    },
    "fr:nice": {
      "institution-part": {
        "ta": "TA Nice"
      }
    },
    "fr:nimes": {
      "institution-part": {
        "ca": "C.A. Nîmes",
        "ta": "TA Nîmes"
      }
    },
    "fr:noumea": {
      "institution-part": {
        "ca": "C.A. Nouméa",
        "ta": "TA Nouméa"
      }
    },
    "fr:orleans": {
      "institution-part": {
        "ca": "C.A. Orléans",
        "ta": "TA Orléans"
      }
    },
    "fr:papeete": {
      "institution-part": {
        "ca": "C.A. Papeete",
        "ta": "TA Papeete"
      }
    },
    "fr:paris": {
      "institution-part": {
        "ca": "C.A. Paris",
        "caa": "C.A.A. Paris",
        "ta": "TA Paris"
      }
    },
    "fr:pau": {
      "institution-part": {
        "ca": "C.A. Pau",
        "ta": "TA Pau"
      }
    },
    "fr:poitiers": {
      "institution-part": {
        "ca": "C.A. Poitiers",
        "ta": "TA Poitiers"
      }
    },
    "fr:reims": {
      "institution-part": {
        "ca": "C.A. Reims"
      }
    },
    "fr:rennes": {
      "institution-part": {
        "ca": "C.A. Rennes",
        "ta": "TA Rennes"
      }
    },
    "fr:riom": {
      "institution-part": {
        "ca": "C.A. Riom"
      }
    },
    "fr:rouen": {
      "institution-part": {
        "ca": "C.A. Rouen",
        "ta": "TA Rouen"
      }
    },
    "fr:saint.barthelemy": {
      "institution-part": {
        "ta": "TA Saint-Barthélemy"
      }
    },
    "fr:saint.denis": {
      "institution-part": {
        "ca": "C.A. Saint-Denis",
        "ta": "TA Saint-Denis"
      }
    },
    "fr:saint.martin": {
      "institution-part": {
        "ta": "TA Saint-Martin"
      }
    },
    "fr:saint.pierre.et.miquelon": {
      "institution-part": {
        "ta": "TA Saint-Pierre-et-Miquelon",
        "tsa": "T.S.A."
      }
    },
    "fr:strasbourg": {
      "institution-part": {
        "ta": "TA Strasbourg"
      }
    },
    "fr:toulon": {
      "institution-part": {
        "ta": "TA Toulon"
      }
    },
    "fr:toulouse": {
      "institution-part": {
        "ca": "C.A. Toulouse",
        "ta": "TA Toulouse"
      }
    },
    "fr:versailles": {
      "institution-part": {
        "ca": "C.A. Versailles",
        "caa": "C.A.A. Versailles",
        "ta": "TA Versailles"
      }
    }
  }
}